<?xml version="1.0" encoding="utf-8"?>
<routes xmlns="http://camel.apache.org/schema/spring">
	<route id="startSolicitarAnulacionOrdenPagoConfirmingClienteSNG_1">
		<description>Solicitar la anulación de una orden de pago de un cliente Confirming.
		</description>
		<from
			uri="direct://startSolicitarAnulacionOrdenPagoConfirmingClienteSNG_1" />
		<bean ref="OrquestationInit" method="init" beanType="OrquestationInit" />
		<doTry>
			<to
				uri="direct://obtener_SolicitarAnulacionOrdenPagoConfirmingClienteSNG_1" />
			<bean
				ref="SolicitarAnulacionOrdenPagoConfirmingClienteSNG_1_Controlador"
				method="eliminarReferenciaServicioNegocio(${body.getcabeceraNegocio.getIdUnicoServicioNegocio})"
				beanType="SolicitarAnulacionOrdenPagoConfirmingClienteSNG_1_Controlador"
				id="SolicitarAnulacionOrdenPagoConfirmingClienteSNG_1_Controlador_eliminarReferenciaSNG" />
			<to uri="mock:NULL?RetainFirst=1" />
			<doCatch>
				<exception>java.lang.Exception</exception>
				<handled>
					<constant>true</constant>
				</handled>
				<bean
					ref="SolicitarAnulacionOrdenPagoConfirmingClienteSNG_1_Controlador"
					method="errorInternoSNG(${exception},${body.getcabeceraNegocio.getIdUnicoServicioNegocio})"
					beanType="SolicitarAnulacionOrdenPagoConfirmingClienteSNG_1_Controlador"
					id="SolicitarAnulacionOrdenPagoConfirmingClienteSNG_1_Controlador_exception" />
				<to uri="mock:NULL?RetainFirst=1" />
			</doCatch>
		</doTry>
	</route>

	<route id="obtener_SolicitarAnulacionOrdenPagoConfirmingClienteSNG_1">
		<from
			uri="direct://obtener_SolicitarAnulacionOrdenPagoConfirmingClienteSNG_1" />
		<to
			uri="direct://validarEntrada_SolicitarAnulacionOrdenPagoConfirmingClienteSNG_1" />
		<to
			uri="direct://ejecutar_CMPMM070_INS_SolicitarAnulacionOrdenPagoConfirmingClienteSNG_1" />
	</route>

	<route
		id="validarEntrada_SolicitarAnulacionOrdenPagoConfirmingClienteSNG_1">
		<from
			uri="direct://validarEntrada_SolicitarAnulacionOrdenPagoConfirmingClienteSNG_1" />
		<bean
			ref="SolicitarAnulacionOrdenPagoConfirmingClienteSNG_1_Controlador"
			method="transform"
			beanType="SolicitarAnulacionOrdenPagoConfirmingClienteSNG_1_Controlador"
			id="SolicitarAnulacionOrdenPagoConfirmingClienteSNG_1_Controlador_Validar" />
	</route>

	<route
		id="ejecutar_CMPMM070_INS_SolicitarAnulacionOrdenPagoConfirmingClienteSNG_1">
		<from
			uri="direct://ejecutar_CMPMM070_INS_SolicitarAnulacionOrdenPagoConfirmingClienteSNG_1" />
		<bean
			ref="SolicitarAnulacionOrdenPagoConfirmingClienteSNG_1_TransformIn_CMPMM070_INS"
			method="transform"
			beanType="SolicitarAnulacionOrdenPagoConfirmingClienteSNG_1_TransformIn_CMPMM070_INS"
			id="SolicitarAnulacionOrdenPagoConfirmingClienteSNG_1_TransformIn_CMPMM070_INS" />
		<to
			uri="direct://ejecutar_SolicitarAnulacionOrdenPagoConfirmingClienteSNG_1" />
		<bean
			ref="SolicitarAnulacionOrdenPagoConfirmingClienteSNG_1_TransformOut_CMPMM070_INS"
			method="transform"
			beanType="SolicitarAnulacionOrdenPagoConfirmingClienteSNG_1_TransformOut_CMPMM070_INS"
			id="SolicitarAnulacionOrdenPagoConfirmingClienteSNG_1_TransformOut_CMPMM070_INS" />
	</route>

	<route id="ejecutar_SolicitarAnulacionOrdenPagoConfirmingClienteSNG_1">
		<from
			uri="direct://ejecutar_SolicitarAnulacionOrdenPagoConfirmingClienteSNG_1" />
		<doTry>
			<bean ref="Midtr2invoke" method="process" beanType="Midtr2invoke"
				id="executeSolicitarAnulacionOrdenPagoConfirmingClienteSNG_1" />
			<doCatch>
				<exception>java.lang.Exception</exception>
				<handled>
					<constant>true</constant>
				</handled>
				<bean
					ref="SolicitarAnulacionOrdenPagoConfirmingClienteSNG_1_Controlador"
					method="errorInvocacionSNG(${exception},${body.getcabeceraNegocio.getIdUnicoServicioNegocio})"
					beanType="SolicitarAnulacionOrdenPagoConfirmingClienteSNG_1_Controlador"
					id="SolicitarAnulacionOrdenPagoConfirmingClienteSNG_1_Controlador_exceptionTratar" />
			</doCatch>
		</doTry>
	</route>
</routes>