<?xml version="1.0" encoding="UTF-8"?>
<ejb-jar id="BusinessConnectorEJB" version="2.1"
	xmlns="http://java.sun.com/xml/ns/j2ee" xmlns:xsi="http://www.w3.org/2001/XMLSchema-instance"
	xsi:schemaLocation="http://java.sun.com/xml/ns/j2ee http://java.sun.com/xml/ns/j2ee/ejb-jar_2_1.xsd">
	<display-name>BusinessConnectorEJB</display-name>
	<enterprise-beans>
		<session>
			<ejb-name>BusinessConnectorEJB</ejb-name>
			<home>com.gfi.webIntegrator.connector.GenericExternConnectorHome</home>
			<remote>com.gfi.webIntegrator.connector.GenericExternConnector</remote>
			<ejb-class>es.cajamadrid.bisa.businessconnector.BusinessConnectorBean</ejb-class>
			<session-type>Stateless</session-type>
			<transaction-type>Container</transaction-type>
		</session>
	</enterprise-beans>
	<assembly-descriptor>
		<container-transaction>
			<method>
				<ejb-name>BusinessConnectorEJB</ejb-name>
				<method-name>*</method-name>
			</method>
			<trans-attribute>NotSupported</trans-attribute>
		</container-transaction>
	</assembly-descriptor>
</ejb-jar>