<?xml version="1.0"?>
<!DOCTYPE weblogic-ejb-jar PUBLIC "-//BEA Systems, Inc.//DTD WebLogic 8.1.0 EJB//EN" "http://www.bea.com/servers/wls810/dtd/weblogic-ejb-jar.dtd">
<weblogic-ejb-jar>
	<weblogic-enterprise-bean>
		<ejb-name>BusinessConnectorEJB</ejb-name>
		<stateless-session-descriptor>
			<pool>
				<max-beans-in-free-pool>40</max-beans-in-free-pool>
				<initial-beans-in-free-pool>0</initial-beans-in-free-pool>
			</pool>
		</stateless-session-descriptor>
		<jndi-name>BusinessConnector</jndi-name>
	</weblogic-enterprise-bean>
</weblogic-ejb-jar>